uuid,name,price,processor,memory,hard_drive,graphics,img
ee58b3e8-1443-11eb-9321-0242ac1c0002,Inspiron 14 3000 (3493),$699.00 ,Intel Core i3-1005G1,4,1TB_HDD,Intel UHD Graphics,https://i.dell.com/is/image/DellContent//content/dam/global-site-design/product_images/dell_client_products/notebooks/inspiron_notebooks/14_3480/global_spi/notebook-inspiron-14-3480-black-campaign-hero-504x350-ng.psd?fmt=jpg&wid=570&hei=400
ee638a70-1443-11eb-9321-0242ac1c0002,New Inspiron 13 5000 Laptop (5301),"$1,099.00 ",Intel Core i3-1115G4,8,256GB_SSD,Intel UHD Graphics,https://i.dell.com/is/image/DellContent//content/dam/global-site-design/product_images/dell_client_products/notebooks/inspiron_notebooks/inspiron_5300/pdp/notebooks-inspiron-13-5300-laptop-pdp-design-gallery504x350.jpg?fmt=jpg&wid=570&hei=400
ee6d5fdc-1443-11eb-9321-0242ac1c0002,New Inspiron 14 5000 Laptop (5402),"$1,148.99 ",Intel Core i5-1135G7,8,256GB_SSD,Intel Iris Xe Graphics,https://i.dell.com/is/image/DellContent//content/dam/global-site-design/product_images/dell_client_products/notebooks/inspiron_notebooks/14_5401_5408/pdp/notebooks-inspiron-14-5401-5408-laptop-pdp-design-gallery504x350_silver.jpg?fmt=jpg&wid=570&hei=400
ee785c5c-1443-11eb-9321-0242ac1c0002,Inspiron 15 3000 (3593),"$1,198.99 ",Intel Core i7-1065G7,8,1TB_HDD,NVIDIA GeForce MX230,https://i.dell.com/is/image/DellContent//content/dam/global-site-design/product_images/dell_client_products/notebooks/inspiron_notebooks/15_3582/pdp/notebook-inspiron-15-3582-in-pdp-gallery-504x350.jpg?fmt=jpg&wid=570&hei=400
ee8291a4-1443-11eb-9321-0242ac1c0002,New Inspiron 14 5000 Laptop (5402),"$1,248.99 ",Intel Core i5-1135G7,8,512GB_SSD,Intel Iris Xe Graphics,https://i.dell.com/is/image/DellContent//content/dam/global-site-design/product_images/dell_client_products/notebooks/inspiron_notebooks/14_5401_5408/pdp/notebooks-inspiron-14-5401-5408-laptop-pdp-design-gallery504x350_silver.jpg?fmt=jpg&wid=570&hei=400
ee8c7bd8-1443-11eb-9321-0242ac1c0002,New Inspiron 13 5000 Laptop (5301),"$1,249.00 ",Intel Core i5-1135G7,8,256GB_SSD,Intel Iris Xe Graphics,https://i.dell.com/is/image/DellContent//content/dam/global-site-design/product_images/dell_client_products/notebooks/inspiron_notebooks/inspiron_5300/pdp/notebooks-inspiron-13-5300-laptop-pdp-design-gallery504x350.jpg?fmt=jpg&wid=570&hei=400
ee962386-1443-11eb-9321-0242ac1c0002,New Inspiron 15 5000 Laptop (5502),"$1,298.99 ",Intel Core i5-1135G7,8,512GB_SSD,Intel Iris Xe Graphics,https://i.dell.com/is/image/DellContent//content/dam/global-site-design/product_images/dell_client_products/notebooks/inspiron_notebooks/15_5501_5508/pdp/notebooks-inspiron-15-5501-5508-laptop-pdp-design-gallery504x350.jpg?fmt=jpg&wid=570&hei=400
eea03fa6-1443-11eb-9321-0242ac1c0002,New Inspiron 15 5000 Laptop (5501),"$1,298.99 ",Intel Core i5-1035G1,8,512GB_SSD,Intel UHD Graphics,https://i.dell.com/is/image/DellContent//content/dam/global-site-design/product_images/dell_client_products/notebooks/inspiron_notebooks/15_5501_5508/pdp/notebooks-inspiron-15-5501-5508-laptop-pdp-design-gallery504x350.jpg?fmt=jpg&wid=570&hei=400
eea9c38c-1443-11eb-9321-0242ac1c0002,New Inspiron 13 5000 Laptop (5301),"$1,299.00 ",Intel Core i5-1135G7,8,512GB_SSD,Intel Iris Xe Graphics,https://i.dell.com/is/image/DellContent//content/dam/global-site-design/product_images/dell_client_products/notebooks/inspiron_notebooks/inspiron_5300/pdp/notebooks-inspiron-13-5300-laptop-pdp-design-gallery504x350.jpg?fmt=jpg&wid=570&hei=400
eeb3a320-1443-11eb-9321-0242ac1c0002,New Inspiron 15 5000 Laptop (5502),"$1,348.97 ",Intel Core i5-1135G7,8,512GB_SSD,NVIDIA GeForce MX330,https://i.dell.com/is/image/DellContent//content/dam/global-site-design/product_images/dell_client_products/notebooks/inspiron_notebooks/15_5501_5508/pdp/notebooks-inspiron-15-5501-5508-laptop-pdp-design-gallery504x350.jpg?fmt=jpg&wid=570&hei=400
eebd3d7c-1443-11eb-9321-0242ac1c0002,New Inspiron 14 5000 Laptop (5402),"$1,348.98 ",Intel Core i5-1135G7,8,512GB_SSD,NVIDIA GeForce MX330,https://i.dell.com/is/image/DellContent//content/dam/global-site-design/product_images/dell_client_products/notebooks/inspiron_notebooks/14_5401_5408/pdp/notebooks-inspiron-14-5401-5408-laptop-pdp-design-gallery504x350_silver.jpg?fmt=jpg&wid=570&hei=400
eec747f4-1443-11eb-9321-0242ac1c0002,New Inspiron 15 5000 Laptop (5501),"$1,348.99 ",Intel Core i5-1035G1,8,512GB_SSD,NVIDIA GeForce MX330,https://i.dell.com/is/image/DellContent//content/dam/global-site-design/product_images/dell_client_products/notebooks/inspiron_notebooks/15_5501_5508/pdp/notebooks-inspiron-15-5501-5508-laptop-pdp-design-gallery504x350.jpg?fmt=jpg&wid=570&hei=400
0daa49aa-1444-11eb-9321-0242ac1c0002,Inspiron 14 3000 (3493),$699.00 ,Intel Core i3-1005G1,4,1TB_HDD,Intel UHD Graphics,https://i.dell.com/is/image/DellContent//content/dam/global-site-design/product_images/dell_client_products/notebooks/inspiron_notebooks/14_3480/global_spi/notebook-inspiron-14-3480-black-campaign-hero-504x350-ng.psd?fmt=jpg&wid=570&hei=400
0db3e0e6-1444-11eb-9321-0242ac1c0002,New Inspiron 13 5000 Laptop (5301),"$1,099.00 ",Intel Core i3-1115G4,8,256GB_SSD,Intel UHD Graphics,https://i.dell.com/is/image/DellContent//content/dam/global-site-design/product_images/dell_client_products/notebooks/inspiron_notebooks/inspiron_5300/pdp/notebooks-inspiron-13-5300-laptop-pdp-design-gallery504x350.jpg?fmt=jpg&wid=570&hei=400
0dc0cbda-1444-11eb-9321-0242ac1c0002,New Inspiron 14 5000 Laptop (5402),"$1,148.99 ",Intel Core i5-1135G7,8,256GB_SSD,Intel Iris Xe Graphics,https://i.dell.com/is/image/DellContent//content/dam/global-site-design/product_images/dell_client_products/notebooks/inspiron_notebooks/14_5401_5408/pdp/notebooks-inspiron-14-5401-5408-laptop-pdp-design-gallery504x350_silver.jpg?fmt=jpg&wid=570&hei=400
0dcaa8d0-1444-11eb-9321-0242ac1c0002,Inspiron 15 3000 (3593),"$1,198.99 ",Intel Core i7-1065G7,8,1TB_HDD,NVIDIA GeForce MX230,https://i.dell.com/is/image/DellContent//content/dam/global-site-design/product_images/dell_client_products/notebooks/inspiron_notebooks/15_3582/pdp/notebook-inspiron-15-3582-in-pdp-gallery-504x350.jpg?fmt=jpg&wid=570&hei=400
0dd4fe20-1444-11eb-9321-0242ac1c0002,New Inspiron 14 5000 Laptop (5402),"$1,248.99 ",Intel Core i5-1135G7,8,512GB_SSD,Intel Iris Xe Graphics,https://i.dell.com/is/image/DellContent//content/dam/global-site-design/product_images/dell_client_products/notebooks/inspiron_notebooks/14_5401_5408/pdp/notebooks-inspiron-14-5401-5408-laptop-pdp-design-gallery504x350_silver.jpg?fmt=jpg&wid=570&hei=400
0ddea56a-1444-11eb-9321-0242ac1c0002,New Inspiron 13 5000 Laptop (5301),"$1,249.00 ",Intel Core i5-1135G7,8,256GB_SSD,Intel Iris Xe Graphics,https://i.dell.com/is/image/DellContent//content/dam/global-site-design/product_images/dell_client_products/notebooks/inspiron_notebooks/inspiron_5300/pdp/notebooks-inspiron-13-5300-laptop-pdp-design-gallery504x350.jpg?fmt=jpg&wid=570&hei=400
0de85074-1444-11eb-9321-0242ac1c0002,New Inspiron 15 5000 Laptop (5502),"$1,298.99 ",Intel Core i5-1135G7,8,512GB_SSD,Intel Iris Xe Graphics,https://i.dell.com/is/image/DellContent//content/dam/global-site-design/product_images/dell_client_products/notebooks/inspiron_notebooks/15_5501_5508/pdp/notebooks-inspiron-15-5501-5508-laptop-pdp-design-gallery504x350.jpg?fmt=jpg&wid=570&hei=400
0df209d4-1444-11eb-9321-0242ac1c0002,New Inspiron 15 5000 Laptop (5501),"$1,298.99 ",Intel Core i5-1035G1,8,512GB_SSD,Intel UHD Graphics,https://i.dell.com/is/image/DellContent//content/dam/global-site-design/product_images/dell_client_products/notebooks/inspiron_notebooks/15_5501_5508/pdp/notebooks-inspiron-15-5501-5508-laptop-pdp-design-gallery504x350.jpg?fmt=jpg&wid=570&hei=400
0dfc5470-1444-11eb-9321-0242ac1c0002,New Inspiron 13 5000 Laptop (5301),"$1,299.00 ",Intel Core i5-1135G7,8,512GB_SSD,Intel Iris Xe Graphics,https://i.dell.com/is/image/DellContent//content/dam/global-site-design/product_images/dell_client_products/notebooks/inspiron_notebooks/inspiron_5300/pdp/notebooks-inspiron-13-5300-laptop-pdp-design-gallery504x350.jpg?fmt=jpg&wid=570&hei=400
0e060f2e-1444-11eb-9321-0242ac1c0002,New Inspiron 15 5000 Laptop (5502),"$1,348.97 ",Intel Core i5-1135G7,8,512GB_SSD,NVIDIA GeForce MX330,https://i.dell.com/is/image/DellContent//content/dam/global-site-design/product_images/dell_client_products/notebooks/inspiron_notebooks/15_5501_5508/pdp/notebooks-inspiron-15-5501-5508-laptop-pdp-design-gallery504x350.jpg?fmt=jpg&wid=570&hei=400
0e11c53a-1444-11eb-9321-0242ac1c0002,New Inspiron 14 5000 Laptop (5402),"$1,348.98 ",Intel Core i5-1135G7,8,512GB_SSD,NVIDIA GeForce MX330,https://i.dell.com/is/image/DellContent//content/dam/global-site-design/product_images/dell_client_products/notebooks/inspiron_notebooks/14_5401_5408/pdp/notebooks-inspiron-14-5401-5408-laptop-pdp-design-gallery504x350_silver.jpg?fmt=jpg&wid=570&hei=400
0e1b6d4c-1444-11eb-9321-0242ac1c0002,New Inspiron 15 5000 Laptop (5501),"$1,348.99 ",Intel Core i5-1035G1,8,512GB_SSD,NVIDIA GeForce MX330,https://i.dell.com/is/image/DellContent//content/dam/global-site-design/product_images/dell_client_products/notebooks/inspiron_notebooks/15_5501_5508/pdp/notebooks-inspiron-15-5501-5508-laptop-pdp-design-gallery504x350.jpg?fmt=jpg&wid=570&hei=400
0ffc08d8-1444-11eb-9321-0242ac1c0002,New Inspiron 14 5000 Laptop (5401),"$1,348.99 ",Intel Core i5-1035G1,8,512GB_SSD,NVIDIA GeForce MX330,https://i.dell.com/is/image/DellContent//content/dam/global-site-design/product_images/dell_client_products/notebooks/inspiron_notebooks/14_5401_5408/pdp/notebooks-inspiron-14-5401-5408-laptop-pdp-design-gallery504x350_silver.jpg?fmt=jpg&wid=570&hei=400
100616de-1444-11eb-9321-0242ac1c0002,Inspiron 13 5000 Laptop (5391),"$1,398.98 ",Intel Core i5-10210U,8,512GB_SSD,NVIDIA GeForce MX250,https://i.dell.com/is/image/DellContent//content/dam/global-site-design/product_images/dell_client_products/notebooks/inspiron_notebooks/13_5390/wifi/pdp/notebook_inspiron_13_5000_laptop_wifi_pdp_gallery504x350_silver-keyboard.jpg?fmt=jpg&wid=570&hei=400
100fe312-1444-11eb-9321-0242ac1c0002,New Inspiron 13 5300 Laptop,"$1,398.98 ",Intel Core i5-10210U,8,512GB_SSD,NVIDIA GeForce MX330,https://i.dell.com/is/image/DellContent//content/dam/global-site-design/product_images/dell_client_products/notebooks/inspiron_notebooks/inspiron_5300/pdp/notebooks-inspiron-13-5300-laptop-pdp-design-gallery504x350.jpg?fmt=jpg&wid=570&hei=400
10195c30-1444-11eb-9321-0242ac1c0002,New Inspiron 14 5000 2-in-1 Laptop (5406),"$1,398.98 ",Intel Core i5-1135G7,8,512GB_SSD,Intel Iris Xe Graphics,https://i.dell.com/sites/csimages/Video_Imagery/all/notebooks-inspiron-14-5400-2in1-pdp-design-gallery504x350-gray.jpg
1076e468-1444-11eb-9321-0242ac1c0002,New Inspiron 13 5000 Laptop (5301),"$1,399.00 ",Intel Core i5-1135G7,8,512GB_SSD,NVIDIA GeForce MX350,https://i.dell.com/is/image/DellContent//content/dam/global-site-design/product_images/dell_client_products/notebooks/inspiron_notebooks/inspiron_5300/pdp/notebooks-inspiron-13-5300-laptop-pdp-design-gallery504x350.jpg?fmt=jpg&wid=570&hei=400
10fc1a66-1444-11eb-9321-0242ac1c0002,New Inspiron 14 5000 2-in-1 Laptop (5406),"$1,448.98 ",Intel Core i5-1135G7,8,512GB_SSD,NVIDIA GeForce MX330,https://i.dell.com/sites/csimages/Video_Imagery/all/notebooks-inspiron-14-5400-2in1-pdp-design-gallery504x350-gray.jpg
11385210-1444-11eb-9321-0242ac1c0002,New Inspiron 15 5000 Laptop (5502),"$1,498.96 ",Intel Core i7-1165G7,8,512GB_SSD,Intel Iris Xe Graphics,https://i.dell.com/is/image/DellContent//content/dam/global-site-design/product_images/dell_client_products/notebooks/inspiron_notebooks/15_5501_5508/pdp/notebooks-inspiron-15-5501-5508-laptop-pdp-design-gallery504x350.jpg?fmt=jpg&wid=570&hei=400
1141ecf8-1444-11eb-9321-0242ac1c0002,New Inspiron 15 7501 Laptop,"$1,498.98 ",Intel Core i5-10300H,8,512GB_SSD,NVIDIA GeForce GTX 1650 Ti,https://i.dell.com/sites/csimages/Videos_Images/en/3e4554b9-3080-4a01-bbe7-556b79678c6e.jpg
117fb4de-1444-11eb-9321-0242ac1c0002,New G3 15 3500 Laptop,"$1,499.00 ",Intel Core i5-10300H,8,256GB_SSD+1TB_HDD,NVIDIA GeForce GTX 1650 Ti,https://i.dell.com/is/image/DellContent//content/dam/global-site-design/product_images/dell_client_products/notebooks/g_series/15_3500_non_touch/pdp/laptop_g_series_g3_15_3500_nontouch_notebook_pdp_hero.jpg?fmt=jpg&wid=570&hei=400
11db869c-1444-11eb-9321-0242ac1c0002,New Inspiron 15 5000 Laptop (5501),"$1,499.00 ",Intel Core i7-1065G7,8,512GB_SSD,NVIDIA GeForce MX330,https://i.dell.com/is/image/DellContent//content/dam/global-site-design/product_images/dell_client_products/notebooks/inspiron_notebooks/15_5501_5508/pdp/notebooks-inspiron-15-5501-5508-laptop-pdp-design-gallery504x350.jpg?fmt=jpg&wid=570&hei=400
12183074-1444-11eb-9321-0242ac1c0002,New Inspiron 14 5000 2-in-1 Laptop,"$1,499.00 ",Intel Core i5-1035G1,8,512GB_SSD,Intel UHD Graphics,https://i.dell.com/is/image/DellContent//content/dam/global-site-design/product_images/dell_client_products/notebooks/inspiron_notebooks/14_5400_2in1/pdp/notebooks-inspiron-14-5400-2in1-pdp-design-gallery504x350-silver.jpg?fmt=jpg&wid=570&hei=400
1226f96a-1444-11eb-9321-0242ac1c0002,New Inspiron 14 5000 Laptop (5402),"$1,548.99 ",Intel Core i7-1165G7,8,512GB_SSD,NVIDIA GeForce MX330,https://i.dell.com/is/image/DellContent//content/dam/global-site-design/product_images/dell_client_products/notebooks/inspiron_notebooks/14_5401_5408/pdp/notebooks-inspiron-14-5401-5408-laptop-pdp-design-gallery504x350_silver.jpg?fmt=jpg&wid=570&hei=400
12ae0fcc-1444-11eb-9321-0242ac1c0002,New Inspiron 13 5000 Laptop (5301),"$1,299.00 ",Intel Core i5-1135G7,8,512GB_SSD,Intel Iris Xe Graphics,https://i.dell.com/is/image/DellContent//content/dam/global-site-design/product_images/dell_client_products/notebooks/inspiron_notebooks/inspiron_5300/pdp/notebooks-inspiron-13-5300-laptop-pdp-design-gallery504x350.jpg?fmt=jpg&wid=570&hei=400
12b782d2-1444-11eb-9321-0242ac1c0002,New Inspiron 15 5000 Laptop (5502),"$1,348.97 ",Intel Core i5-1135G7,8,512GB_SSD,NVIDIA GeForce MX330,https://i.dell.com/is/image/DellContent//content/dam/global-site-design/product_images/dell_client_products/notebooks/inspiron_notebooks/15_5501_5508/pdp/notebooks-inspiron-15-5501-5508-laptop-pdp-design-gallery504x350.jpg?fmt=jpg&wid=570&hei=400
12c0ebe2-1444-11eb-9321-0242ac1c0002,New Inspiron 15 5000 Laptop (5501),"$1,348.99 ",Intel Core i5-1035G1,8,512GB_SSD,NVIDIA GeForce MX330,https://i.dell.com/is/image/DellContent//content/dam/global-site-design/product_images/dell_client_products/notebooks/inspiron_notebooks/15_5501_5508/pdp/notebooks-inspiron-15-5501-5508-laptop-pdp-design-gallery504x350.jpg?fmt=jpg&wid=570&hei=400
12ca51b4-1444-11eb-9321-0242ac1c0002,New Inspiron 14 5000 Laptop (5402),"$1,348.98 ",Intel Core i5-1135G7,8,512GB_SSD,NVIDIA GeForce MX330,https://i.dell.com/is/image/DellContent//content/dam/global-site-design/product_images/dell_client_products/notebooks/inspiron_notebooks/14_5401_5408/pdp/notebooks-inspiron-14-5401-5408-laptop-pdp-design-gallery504x350_silver.jpg?fmt=jpg&wid=570&hei=400
12d47978-1444-11eb-9321-0242ac1c0002,New Inspiron 14 5000 Laptop (5401),"$1,348.99 ",Intel Core i5-1035G1,8,512GB_SSD,NVIDIA GeForce MX330,https://i.dell.com/is/image/DellContent//content/dam/global-site-design/product_images/dell_client_products/notebooks/inspiron_notebooks/14_5401_5408/pdp/notebooks-inspiron-14-5401-5408-laptop-pdp-design-gallery504x350_silver.jpg?fmt=jpg&wid=570&hei=400
12dde06c-1444-11eb-9321-0242ac1c0002,New Inspiron 14 5000 Laptop (5401),"$1,348.99 ",Intel Core i5-1035G1,8,512GB_SSD,NVIDIA GeForce MX330,https://i.dell.com/is/image/DellContent//content/dam/global-site-design/product_images/dell_client_products/notebooks/inspiron_notebooks/14_5401_5408/pdp/notebooks-inspiron-14-5401-5408-laptop-pdp-design-gallery504x350_silver.jpg?fmt=jpg&wid=570&hei=400
12e75d5e-1444-11eb-9321-0242ac1c0002,New Inspiron 15 5000 Laptop (5501),"$1,348.99 ",Intel Core i5-1035G1,8,512GB_SSD,NVIDIA GeForce MX330,https://i.dell.com/is/image/DellContent//content/dam/global-site-design/product_images/dell_client_products/notebooks/inspiron_notebooks/15_5501_5508/pdp/notebooks-inspiron-15-5501-5508-laptop-pdp-design-gallery504x350.jpg?fmt=jpg&wid=570&hei=400
12f0f6fc-1444-11eb-9321-0242ac1c0002,New Inspiron 13 5300 Laptop,"$1,398.98 ",Intel Core i5-10210U,8,512GB_SSD,NVIDIA GeForce MX330,https://i.dell.com/is/image/DellContent//content/dam/global-site-design/product_images/dell_client_products/notebooks/inspiron_notebooks/inspiron_5300/pdp/notebooks-inspiron-13-5300-laptop-pdp-design-gallery504x350.jpg?fmt=jpg&wid=570&hei=400
12faf058-1444-11eb-9321-0242ac1c0002,New Inspiron 14 5000 2-in-1 Laptop (5406),"$1,398.98 ",Intel Core i5-1135G7,8,512GB_SSD,Intel Iris Xe Graphics,https://i.dell.com/sites/csimages/Video_Imagery/all/notebooks-inspiron-14-5400-2in1-pdp-design-gallery504x350-gray.jpg
1304996e-1444-11eb-9321-0242ac1c0002,Inspiron 13 5000 Laptop (5391),"$1,398.98 ",Intel Core i5-10210U,8,512GB_SSD,NVIDIA GeForce MX250,https://i.dell.com/is/image/DellContent//content/dam/global-site-design/product_images/dell_client_products/notebooks/inspiron_notebooks/13_5390/wifi/pdp/notebook_inspiron_13_5000_laptop_wifi_pdp_gallery504x350_silver-keyboard.jpg?fmt=jpg&wid=570&hei=400
13194b16-1444-11eb-9321-0242ac1c0002,New Inspiron 13 5300 Laptop,"$1,398.98 ",Intel Core i5-10210U,8,512GB_SSD,NVIDIA GeForce MX330,https://i.dell.com/is/image/DellContent//content/dam/global-site-design/product_images/dell_client_products/notebooks/inspiron_notebooks/inspiron_5300/pdp/notebooks-inspiron-13-5300-laptop-pdp-design-gallery504x350.jpg?fmt=jpg&wid=570&hei=400
13b029be-1444-11eb-9321-0242ac1c0002,Inspiron 13 5000 Laptop (5391),"$1,398.98 ",Intel Core i5-10210U,8,512GB_SSD,NVIDIA GeForce MX250,https://i.dell.com/is/image/DellContent//content/dam/global-site-design/product_images/dell_client_products/notebooks/inspiron_notebooks/13_5390/wifi/pdp/notebook_inspiron_13_5000_laptop_wifi_pdp_gallery504x350_silver-keyboard.jpg?fmt=jpg&wid=570&hei=400
13c58926-1444-11eb-9321-0242ac1c0002,New Inspiron 13 5000 Laptop (5301),"$1,399.00 ",Intel Core i5-1135G7,8,512GB_SSD,NVIDIA GeForce MX350,https://i.dell.com/is/image/DellContent//content/dam/global-site-design/product_images/dell_client_products/notebooks/inspiron_notebooks/inspiron_5300/pdp/notebooks-inspiron-13-5300-laptop-pdp-design-gallery504x350.jpg?fmt=jpg&wid=570&hei=400
13cfbb94-1444-11eb-9321-0242ac1c0002,New Inspiron 14 5000 2-in-1 Laptop (5406),"$1,448.98 ",Intel Core i5-1135G7,8,512GB_SSD,NVIDIA GeForce MX330,https://i.dell.com/sites/csimages/Video_Imagery/all/notebooks-inspiron-14-5400-2in1-pdp-design-gallery504x350-gray.jpg
13d9ece0-1444-11eb-9321-0242ac1c0002,New Inspiron 15 5000 Laptop (5502),"$1,498.96 ",Intel Core i7-1165G7,8,512GB_SSD,Intel Iris Xe Graphics,https://i.dell.com/is/image/DellContent//content/dam/global-site-design/product_images/dell_client_products/notebooks/inspiron_notebooks/15_5501_5508/pdp/notebooks-inspiron-15-5501-5508-laptop-pdp-design-gallery504x350.jpg?fmt=jpg&wid=570&hei=400
13e37bca-1444-11eb-9321-0242ac1c0002,New Inspiron 15 7501 Laptop,"$1,498.98 ",Intel Core i5-10300H,8,512GB_SSD,NVIDIA GeForce GTX 1650 Ti,https://i.dell.com/sites/csimages/Videos_Images/en/3e4554b9-3080-4a01-bbe7-556b79678c6e.jpg
13ed6e78-1444-11eb-9321-0242ac1c0002,New Inspiron 15 5000 Laptop (5501),"$1,499.00 ",Intel Core i7-1065G7,8,512GB_SSD,NVIDIA GeForce MX330,https://i.dell.com/is/image/DellContent//content/dam/global-site-design/product_images/dell_client_products/notebooks/inspiron_notebooks/15_5501_5508/pdp/notebooks-inspiron-15-5501-5508-laptop-pdp-design-gallery504x350.jpg?fmt=jpg&wid=570&hei=400
13f6b6f4-1444-11eb-9321-0242ac1c0002,New Inspiron 14 5000 2-in-1 Laptop,"$1,499.00 ",Intel Core i5-1035G1,8,512GB_SSD,Intel UHD Graphics,https://i.dell.com/is/image/DellContent//content/dam/global-site-design/product_images/dell_client_products/notebooks/inspiron_notebooks/14_5400_2in1/pdp/notebooks-inspiron-14-5400-2in1-pdp-design-gallery504x350-silver.jpg?fmt=jpg&wid=570&hei=400
14002a2c-1444-11eb-9321-0242ac1c0002,New G3 15 3500 Laptop,"$1,499.00 ",Intel Core i5-10300H,8,256GB_SSD+1TB_HDD,NVIDIA GeForce GTX 1650 Ti,https://i.dell.com/is/image/DellContent//content/dam/global-site-design/product_images/dell_client_products/notebooks/g_series/15_3500_non_touch/pdp/laptop_g_series_g3_15_3500_nontouch_notebook_pdp_hero.jpg?fmt=jpg&wid=570&hei=400
1409bba0-1444-11eb-9321-0242ac1c0002,New Inspiron 14 5000 2-in-1 Laptop,"$1,499.00 ",Intel Core i5-1035G1,8,512GB_SSD,Intel UHD Graphics,https://i.dell.com/is/image/DellContent//content/dam/global-site-design/product_images/dell_client_products/notebooks/inspiron_notebooks/14_5400_2in1/pdp/notebooks-inspiron-14-5400-2in1-pdp-design-gallery504x350-silver.jpg?fmt=jpg&wid=570&hei=400
14136b78-1444-11eb-9321-0242ac1c0002,New Inspiron 15 5000 Laptop (5501),"$1,499.00 ",Intel Core i7-1065G7,8,512GB_SSD,NVIDIA GeForce MX330,https://i.dell.com/is/image/DellContent//content/dam/global-site-design/product_images/dell_client_products/notebooks/inspiron_notebooks/15_5501_5508/pdp/notebooks-inspiron-15-5501-5508-laptop-pdp-design-gallery504x350.jpg?fmt=jpg&wid=570&hei=400
1489280e-1444-11eb-9321-0242ac1c0002,New Inspiron 15 7501 Laptop,"$2,098.99 ",Intel Core i7-10750H,8,512GB_SSD,NVIDIA GeForce GTX 1650 Ti,https://i.dell.com/sites/csimages/Videos_Images/en/3e4554b9-3080-4a01-bbe7-556b79678c6e.jpg
1492dbec-1444-11eb-9321-0242ac1c0002,New Inspiron 13 7000 Laptop (7300),"$2,099.00 ",Intel Core i7-1165G7,16,1TB_SSD,NVIDIA GeForce MX350,https://i.dell.com/is/image/DellContent//content/dam/global-site-design/product_images/dell_client_products/notebooks/inspiron_notebooks/13_7300/pdp/evo/notebooks-inspiron-14-7300-laptop-pdp-design-gallery-504x350.jpg?fmt=jpg&wid=570&hei=400
149c857a-1444-11eb-9321-0242ac1c0002,New G5 15 5500 Laptop,"$2,198.99 ",Intel Core i7-10750H,16,512GB_SSD,NVIDIA GeForce GTX 1660 Ti,https://i.dell.com/sites/csimages/Video_Imagery/all/68603_g_series_g5_15_5500_light_360_thumb_1280x720_nvidia.jpg
14a645e2-1444-11eb-9321-0242ac1c0002,New Inspiron 13 7000 2-in-1 Laptop,"$2,198.99 ",Intel Core i7-1165G7,16,512GB_SSD,Intel Iris Xe Graphics,https://i.dell.com/sites/csimages/App-Merchandizing_Images/all/inspiron-13-15-7000-2n1-2020-thumb-anz.jpg
14b0733c-1444-11eb-9321-0242ac1c0002,New Inspiron 14 7000 Laptop (7400),"$2,198.99 ",Intel Core i7-1165G7,16,1TB_SSD,NVIDIA GeForce MX350,https://i.dell.com/is/image/DellContent//content/dam/global-site-design/product_images/dell_client_products/notebooks/inspiron_notebooks/14_7400/global_spi/ng/notebook-inspiron-14-7400-campaign-hero-504x350-ng.psd?fmt=jpg&wid=570&hei=400
14b9e6d8-1444-11eb-9321-0242ac1c0002,New Inspiron 13 2-in-1 7300 Laptop,"$2,198.99 ",Intel Core i7-10510U,16,512GB_SSD,Intel UHD Graphics,https://i.dell.com/sites/csimages/App-Merchandizing_Images/all/inspiron-13-15-7000-2n1-2020-thumb-anz.jpg
14c3cc84-1444-11eb-9321-0242ac1c0002,New Inspiron 15 7501 Laptop,"$2,248.99 ",Intel Core i7-10750H,16,1TB_SSD,NVIDIA GeForce GTX 1650 Ti,https://i.dell.com/sites/csimages/Videos_Images/en/3e4554b9-3080-4a01-bbe7-556b79678c6e.jpg
14cd43a4-1444-11eb-9321-0242ac1c0002,New G5 15 5500 Laptop,"$2,298.98 ",Intel Core i7-10750H,16,1TB_SSD,NVIDIA GeForce GTX 1660 Ti,https://i.dell.com/sites/csimages/Video_Imagery/all/68603_g_series_g5_15_5500_light_360_thumb_1280x720_nvidia.jpg
14d7a2cc-1444-11eb-9321-0242ac1c0002,New XPS 13 2-in-1 (9310),"$2,298.99 ",Intel Core i5-1135G7,8,256GB_SSD,Intel Iris Xe Graphics,https://i.dell.com/is/image/DellContent//content/dam/global-site-design/product_images/dell_client_products/notebooks/xps_notebooks/xps_13_9310/pdp/laptop-xps-13-2n1-9310-pdp-gallery-504x350_white.jpg?fmt=jpg&wid=570&hei=400
14e150ba-1444-11eb-9321-0242ac1c0002,New G3 15 3500 Laptop,"$2,298.99 ",Intel Core i7-10750H,16,512GB_SSD,NVIDIA GeForce RTX 2060 ,https://i.dell.com/is/image/DellContent//content/dam/global-site-design/product_images/dell_client_products/notebooks/g_series/15_3500_non_touch/pdp/laptop_g_series_g3_15_3500_nontouch_notebook_pdp_hero.jpg?fmt=jpg&wid=570&hei=400
14eab4f2-1444-11eb-9321-0242ac1c0002,New G3 15 3500 Laptop,"$2,348.99 ",Intel Core i7-10750H,16,1TB_SSD,NVIDIA GeForce GTX 1660 Ti,https://i.dell.com/is/image/DellContent//content/dam/global-site-design/product_images/dell_client_products/notebooks/g_series/15_3500_non_touch/pdp/laptop_g_series_g3_15_3500_nontouch_notebook_pdp_hero.jpg?fmt=jpg&wid=570&hei=400
14f4edbe-1444-11eb-9321-0242ac1c0002,XPS 13 (7390),"$2,398.99 ",Intel Core i7-10510U,8,512GB_SSD,Intel UHD Graphics,https://i.dell.com/sites/csimages/Video_Imagery/all/italia-xps-13-7390-thumbnail-111519.jpg
15633468-1444-11eb-9321-0242ac1c0002,New Inspiron 14 5000 2-in-1 Laptop (5406),"$1,648.99 ",Intel Core i7-1165G7,16,512GB_SSD,NVIDIA GeForce MX330,https://i.dell.com/sites/csimages/Video_Imagery/all/notebooks-inspiron-14-5400-2in1-pdp-design-gallery504x350-gray.jpg
156d637a-1444-11eb-9321-0242ac1c0002,New Inspiron 14 5000 2-in-1 Laptop,"$1,648.99 ",Intel Core i7-1065G7,8,512GB_SSD,Intel Iris Plus Graphics,https://i.dell.com/is/image/DellContent//content/dam/global-site-design/product_images/dell_client_products/notebooks/inspiron_notebooks/14_5400_2in1/pdp/notebooks-inspiron-14-5400-2in1-pdp-design-gallery504x350-silver.jpg?fmt=jpg&wid=570&hei=400
157714b0-1444-11eb-9321-0242ac1c0002,New Inspiron 14 5000 2-in-1 Laptop,"$1,648.99 ",Intel Core i7-1065G7,8,512GB_SSD,Intel Iris Plus Graphics,https://i.dell.com/is/image/DellContent//content/dam/global-site-design/product_images/dell_client_products/notebooks/inspiron_notebooks/14_5400_2in1/pdp/notebooks-inspiron-14-5400-2in1-pdp-design-gallery504x350-silver.jpg?fmt=jpg&wid=570&hei=400
1580d61c-1444-11eb-9321-0242ac1c0002,New Inspiron 15 5000 Laptop (5501),"$1,649.00 ",Intel Core i7-1065G7,12,1TB_SSD,NVIDIA GeForce MX330,https://i.dell.com/is/image/DellContent//content/dam/global-site-design/product_images/dell_client_products/notebooks/inspiron_notebooks/15_5501_5508/pdp/notebooks-inspiron-15-5501-5508-laptop-pdp-design-gallery504x350.jpg?fmt=jpg&wid=570&hei=400
158ac6ae-1444-11eb-9321-0242ac1c0002,New Inspiron 15 5000 Laptop (5501),"$1,649.00 ",Intel Core i7-1065G7,12,1TB_SSD,NVIDIA GeForce MX330,https://i.dell.com/is/image/DellContent//content/dam/global-site-design/product_images/dell_client_products/notebooks/inspiron_notebooks/15_5501_5508/pdp/notebooks-inspiron-15-5501-5508-laptop-pdp-design-gallery504x350.jpg?fmt=jpg&wid=570&hei=400
159503a8-1444-11eb-9321-0242ac1c0002,Inspiron 14 7000 Laptop (7490),"$1,698.99 ",Intel Core i5-10210U,8,512GB_SSD,NVIDIA GeForce MX250,https://i.dell.com/sites/csimages/Video_Imagery/all/inspiron-14-7000-2019-360spin-thumb.jpg
159e8950-1444-11eb-9321-0242ac1c0002,New G3 15 3500 Laptop,"$1,499.00 ",Intel Core i5-10300H,8,256GB_SSD+1TB_HDD,NVIDIA GeForce GTX 1650 Ti,https://i.dell.com/is/image/DellContent//content/dam/global-site-design/product_images/dell_client_products/notebooks/g_series/15_3500_non_touch/pdp/laptop_g_series_g3_15_3500_nontouch_notebook_pdp_hero.jpg?fmt=jpg&wid=570&hei=400
15a82d8e-1444-11eb-9321-0242ac1c0002,New Inspiron 14 7000 Laptop (7400),"$1,798.99 ",Intel Core i5-1135G7,8,512GB_SSD,NVIDIA GeForce MX350,https://i.dell.com/is/image/DellContent//content/dam/global-site-design/product_images/dell_client_products/notebooks/inspiron_notebooks/14_7400/global_spi/ng/notebook-inspiron-14-7400-campaign-hero-504x350-ng.psd?fmt=jpg&wid=570&hei=400
15b1cc0e-1444-11eb-9321-0242ac1c0002,New Inspiron 13 7000 Laptop (7300),"$1,798.99 ",Intel Core i7-1165G7,8,512GB_SSD,Intel Iris Xe Graphics,https://i.dell.com/is/image/DellContent//content/dam/global-site-design/product_images/dell_client_products/notebooks/inspiron_notebooks/13_7300/pdp/evo/notebooks-inspiron-14-7300-laptop-pdp-design-gallery-504x350.jpg?fmt=jpg&wid=570&hei=400
15bb270e-1444-11eb-9321-0242ac1c0002,New G3 15 3500 Laptop,"$1,848.98 ",Intel Core i7-10750H,16,256GB_SSD+1TB_HDD,NVIDIA GeForce GTX 1650 Ti,https://i.dell.com/is/image/DellContent//content/dam/global-site-design/product_images/dell_client_products/notebooks/g_series/15_3500_non_touch/pdp/laptop_g_series_g3_15_3500_nontouch_notebook_pdp_hero.jpg?fmt=jpg&wid=570&hei=400
15c57858-1444-11eb-9321-0242ac1c0002,New G3 15 3500 Laptop,"$1,848.98 ",Intel Core i7-10750H,16,256GB_SSD+1TB_HDD,NVIDIA GeForce GTX 1650 Ti,https://i.dell.com/is/image/DellContent//content/dam/global-site-design/product_images/dell_client_products/notebooks/g_series/15_3500_non_touch/pdp/laptop_g_series_g3_15_3500_nontouch_notebook_pdp_hero.jpg?fmt=jpg&wid=570&hei=400
1634b772-1444-11eb-9321-0242ac1c0002,XPS 13 (7390),"$1,848.99 ",Intel Core i5-10210U,8,512GB_SSD,Intel UHD Graphics,https://i.dell.com/sites/csimages/Video_Imagery/all/italia-xps-13-7390-thumbnail-111519.jpg
1640627a-1444-11eb-9321-0242ac1c0002,XPS 13 (7390),"$1,848.99 ",Intel Core i5-10210U,8,512GB_SSD,Intel UHD Graphics,https://i.dell.com/sites/csimages/Video_Imagery/all/italia-xps-13-7390-thumbnail-111519.jpg
164aa708-1444-11eb-9321-0242ac1c0002,New Inspiron 13 7000 Laptop (7300),"$1,898.98 ",Intel Core i7-1165G7,8,512GB_SSD,NVIDIA GeForce MX350,https://i.dell.com/is/image/DellContent//content/dam/global-site-design/product_images/dell_client_products/notebooks/inspiron_notebooks/13_7300/pdp/evo/notebooks-inspiron-14-7300-laptop-pdp-design-gallery-504x350.jpg?fmt=jpg&wid=570&hei=400
1654c292-1444-11eb-9321-0242ac1c0002,New Inspiron 15 7501 Laptop,"$1,498.98 ",Intel Core i5-10300H,8,512GB_SSD,NVIDIA GeForce GTX 1650 Ti,https://i.dell.com/sites/csimages/Videos_Images/en/3e4554b9-3080-4a01-bbe7-556b79678c6e.jpg
165ebf54-1444-11eb-9321-0242ac1c0002,New G5 15 5500 Laptop,"$1,898.99 ",Intel Core i7-10750H,8,512GB_SSD,NVIDIA GeForce GTX 1650 Ti,https://i.dell.com/sites/csimages/Video_Imagery/all/68603_g_series_g5_15_5500_light_360_thumb_1280x720_nvidia.jpg
16694d3e-1444-11eb-9321-0242ac1c0002,XPS 13 (7390),"$1,999.00 ",Intel Core i5-10210U,8,256GB_SSD,Intel UHD Graphics,https://i.dell.com/sites/csimages/Video_Imagery/all/italia-xps-13-7390-thumbnail-111519.jpg
1672fffa-1444-11eb-9321-0242ac1c0002,New G3 15 3500 Laptop,"$1,948.98 ",Intel Core i7-10750H,16,256GB_SSD+1TB_HDD,NVIDIA GeForce GTX 1650 Ti,https://i.dell.com/is/image/DellContent//content/dam/global-site-design/product_images/dell_client_products/notebooks/g_series/15_3500_non_touch/pdp/laptop_g_series_g3_15_3500_nontouch_notebook_pdp_hero.jpg?fmt=jpg&wid=570&hei=400
167ca50a-1444-11eb-9321-0242ac1c0002,New G3 15 3500 Laptop,"$1,948.98 ",Intel Core i7-10750H,16,256GB_SSD+1TB_HDD,NVIDIA GeForce GTX 1650 Ti,https://i.dell.com/is/image/DellContent//content/dam/global-site-design/product_images/dell_client_products/notebooks/g_series/15_3500_non_touch/pdp/laptop_g_series_g3_15_3500_nontouch_notebook_pdp_hero.jpg?fmt=jpg&wid=570&hei=400
16906d2e-1444-11eb-9321-0242ac1c0002,Inspiron 14 7000 Laptop (7490),"$1,998.98 ",Intel Core i7-10510U,16,512GB_SSD,NVIDIA GeForce MX250,https://i.dell.com/sites/csimages/Video_Imagery/all/inspiron-14-7000-2019-360spin-thumb.jpg
169a30e8-1444-11eb-9321-0242ac1c0002,New Inspiron 13 2-in-1 7300 Laptop,"$1,998.98 ",Intel Core i7-10510U,16,512GB_SSD,Intel UHD Graphics,https://i.dell.com/sites/csimages/App-Merchandizing_Images/all/inspiron-13-15-7000-2n1-2020-thumb-anz.jpg
16a3c554-1444-11eb-9321-0242ac1c0002,New Inspiron 13 7000 2-in-1 Laptop,"$1,998.98 ",Intel Core i7-1165G7,16,512GB_SSD,Intel Iris Xe Graphics,https://i.dell.com/sites/csimages/App-Merchandizing_Images/all/inspiron-13-15-7000-2n1-2020-thumb-anz.jpg
16ae125c-1444-11eb-9321-0242ac1c0002,New Inspiron 14 7000 Laptop (7400),"$1,998.98 ",Intel Core i7-1165G7,8,512GB_SSD,Intel Iris Xe Graphics,https://i.dell.com/is/image/DellContent//content/dam/global-site-design/product_images/dell_client_products/notebooks/inspiron_notebooks/14_7400/global_spi/ng/notebook-inspiron-14-7400-campaign-hero-504x350-ng.psd?fmt=jpg&wid=570&hei=400
171f28de-1444-11eb-9321-0242ac1c0002,New G5 15 5500 Laptop,"$1,898.99 ",Intel Core i7-10750H,8,512GB_SSD,NVIDIA GeForce GTX 1650 Ti,https://i.dell.com/sites/csimages/Video_Imagery/all/68603_g_series_g5_15_5500_light_360_thumb_1280x720_nvidia.jpg
172a1a3c-1444-11eb-9321-0242ac1c0002,Inspiron 14 7000 Laptop (7490),"$1,998.98 ",Intel Core i7-10510U,16,512GB_SSD,NVIDIA GeForce MX250,https://i.dell.com/sites/csimages/Video_Imagery/all/inspiron-14-7000-2019-360spin-thumb.jpg
1735cf26-1444-11eb-9321-0242ac1c0002,New Inspiron 13 2-in-1 7300 Laptop,"$1,998.98 ",Intel Core i7-10510U,16,512GB_SSD,Intel UHD Graphics,https://i.dell.com/sites/csimages/App-Merchandizing_Images/all/inspiron-13-15-7000-2n1-2020-thumb-anz.jpg
174105f8-1444-11eb-9321-0242ac1c0002,XPS 13 (7390),"$1,999.00 ",Intel Core i5-10210U,8,256GB_SSD,Intel UHD Graphics,https://i.dell.com/sites/csimages/Video_Imagery/all/italia-xps-13-7390-thumbnail-111519.jpg
174b554e-1444-11eb-9321-0242ac1c0002,New Inspiron 14 7000 Laptop (7400),"$2,098.99 ",Intel Core i7-1165G7,16,512GB_SSD,NVIDIA GeForce MX350,https://i.dell.com/is/image/DellContent//content/dam/global-site-design/product_images/dell_client_products/notebooks/inspiron_notebooks/14_7400/global_spi/ng/notebook-inspiron-14-7400-campaign-hero-504x350-ng.psd?fmt=jpg&wid=570&hei=400
1755e798-1444-11eb-9321-0242ac1c0002,New XPS 13 (9310) Silver,"$2,098.99 ",Intel Core i5-1135G7,8,512GB_SSD,Intel Iris Xe Graphics,https://i.dell.com/is/image/DellContent//content/dam/global-site-design/product_images/dell_client_products/notebooks/xps_notebooks/xps_13_9300/pdp/notebook_laptop_xps_13_9300_npl_pdp_gallery504x350.jpg?fmt=jpg&wid=570&hei=400
175fd276-1444-11eb-9321-0242ac1c0002,New Inspiron 15 7501 Laptop,"$2,098.99 ",Intel Core i7-10750H,8,512GB_SSD,NVIDIA GeForce GTX 1650 Ti,https://i.dell.com/sites/csimages/Videos_Images/en/3e4554b9-3080-4a01-bbe7-556b79678c6e.jpg
176aa4d0-1444-11eb-9321-0242ac1c0002,New Inspiron 15 7501 Laptop,"$2,098.99 ",Intel Core i7-10750H,8,512GB_SSD,NVIDIA GeForce GTX 1650 Ti,https://i.dell.com/sites/csimages/Videos_Images/en/3e4554b9-3080-4a01-bbe7-556b79678c6e.jpg
177521b2-1444-11eb-9321-0242ac1c0002,New Inspiron 13 7000 Laptop (7300),"$2,099.00 ",Intel Core i7-1165G7,16,1TB_SSD,NVIDIA GeForce MX350,https://i.dell.com/is/image/DellContent//content/dam/global-site-design/product_images/dell_client_products/notebooks/inspiron_notebooks/13_7300/pdp/evo/notebooks-inspiron-14-7300-laptop-pdp-design-gallery-504x350.jpg?fmt=jpg&wid=570&hei=400
177ec19a-1444-11eb-9321-0242ac1c0002,New Inspiron 14 7000 Laptop (7400),"$2,198.99 ",Intel Core i7-1165G7,16,1TB_SSD,NVIDIA GeForce MX350,https://i.dell.com/is/image/DellContent//content/dam/global-site-design/product_images/dell_client_products/notebooks/inspiron_notebooks/14_7400/global_spi/ng/notebook-inspiron-14-7400-campaign-hero-504x350-ng.psd?fmt=jpg&wid=570&hei=400
1788ba4c-1444-11eb-9321-0242ac1c0002,New Inspiron 13 7000 2-in-1 Laptop,"$2,198.99 ",Intel Core i7-1165G7,16,512GB_SSD,Intel Iris Xe Graphics,https://i.dell.com/sites/csimages/App-Merchandizing_Images/all/inspiron-13-15-7000-2n1-2020-thumb-anz.jpg
1792cb40-1444-11eb-9321-0242ac1c0002,New Inspiron 13 2-in-1 7300 Laptop,"$2,198.99 ",Intel Core i7-10510U,16,512GB_SSD,Intel UHD Graphics,https://i.dell.com/sites/csimages/App-Merchandizing_Images/all/inspiron-13-15-7000-2n1-2020-thumb-anz.jpg
18493e48-1444-11eb-9321-0242ac1c0002,New ALIENWARE M17 R3 LAPTOP,"$3,698.99 ",Intel Core i7-10750H,16,512GB_SSD,NVIDIA GeForce RTX 2060 ,https://i.dell.com/sites/csimages/Video_Imagery/all/m17dark.png
188e823c-1444-11eb-9321-0242ac1c0002,XPS 13 2-in-1 (7390),"$3,698.99 ",Intel Core i7-1065G7,32,1TB_SSD,Intel Iris Plus Graphics,https://i.dell.com/is/image/DellContent//content/dam/global-site-design/product_images/dell_client_products/notebooks/xps_notebooks/13_7390_2in1/general/xps13_2_in_1_centenario_black_sf.psd?wid=1280&hei=720
18cd9030-1444-11eb-9321-0242ac1c0002,NEW ALIENWARE M15 R3 LAPTOP,"$3,798.99 ",Intel Core i7-10750H,16,512GB_SSD,NVIDIA GeForce RTX 2070 ,https://i.dell.com/sites/csimages/Video_Imagery/all/m15dark.png
194a7d34-1444-11eb-9321-0242ac1c0002,New XPS 15 Laptop,"$3,848.99 ",Intel Core i7-10750H,16,1TB_SSD,NVIDIA GeForce GTX 1650 Ti,https://i.dell.com/sites/csimages/Video_Imagery/all/dell_thumbnail.jpg
198d42d6-1444-11eb-9321-0242ac1c0002,New XPS 15 Laptop,"$3,849.00 ",Intel Core i7-10750H,16,1TB_SSD,NVIDIA GeForce GTX 1650 Ti,https://i.dell.com/sites/csimages/Video_Imagery/all/dell_thumbnail.jpg
1ba3e020-1444-11eb-9321-0242ac1c0002,New ALIENWARE M17 R3 LAPTOP,"$3,898.98 ",Intel Core i7-10750H,16,512GB_SSD,NVIDIA GeForce RTX 2070 ,https://i.dell.com/sites/csimages/Video_Imagery/all/m17dark.png
1be1ae0a-1444-11eb-9321-0242ac1c0002,New XPS 17 Laptop (9700),"$3,999.00 ",Intel Core i7-10750H,16,1TB_SSD,NVIDIA GeForce GTX 1650 Ti,https://i.dell.com/sites/csimages/Video_Imagery/all/xps-17-laptop-2020-thumb.jpg
1c3ba0b8-1444-11eb-9321-0242ac1c0002,NEW ALIENWARE M15 R3 LAPTOP,"$4,699.00 ",Intel Core i9-10980HK,32,512GB_SSD,NVIDIA GeForce RTX 2070 SUPER,https://i.dell.com/sites/csimages/Video_Imagery/all/m15dark.png
1c79660a-1444-11eb-9321-0242ac1c0002,New ALIENWARE M17 R3 LAPTOP,"$4,699.00 ",Intel Core i9-10980HK,32,512GB_SSD,NVIDIA GeForce RTX 2070 SUPER,https://i.dell.com/sites/csimages/Video_Imagery/all/m17dark.png
1cec5692-1444-11eb-9321-0242ac1c0002,New XPS 15 Laptop,"$4,999.00 ",Intel Core i9-10885H,32,2TB_SSD,NVIDIA GeForce GTX 1650 Ti,https://i.dell.com/sites/csimages/Video_Imagery/all/dell_thumbnail.jpg
1d696db2-1444-11eb-9321-0242ac1c0002,New XPS 17 Laptop (9700),"$4,999.00 ",Intel Core i9-10885H,32,1TB_SSD,"NVIDIA GeForce RTX 2060 , Max-Q",https://i.dell.com/sites/csimages/Video_Imagery/all/xps-17-laptop-2020-thumb.jpg
